Date,RGTI,IONQ,QNTM.MI,RACE.MI,LEGN,TTWO,LGND,SMR
2025-06-17,9.93823572846606,32.93122920594912,17.851999282836914,397.5730895996094,30.039791037558317,205.6210702797769,97.42588001553358,33.9700698794661
2025-06-18,9.88448844439069,34.51297572187844,17.965999603271484,396.4854736328125,30.385003013288056,207.70488235718545,99.83768380148739,34.10366105414731
2025-06-19,9.888915304834647,34.528432680312456,17.761999130249023,391.2451477050781,30.398611220600532,207.7979049281457,99.8823970403893,34.118934697185495
2025-06-20,9.60671652091473,35.05669710101424,17.760000228881836,394.11248779296875,29.532400480905284,207.04818113035935,99.08120334836154,32.311921188856175
2025-06-23,9.381904744826782,35.77122862284316,17.562000274658203,393.2226257324219,29.432572976784023,210.0624968450778,99.97511055313832,31.736749249011908
2025-06-24,9.914609520426755,35.22703922226388,17.895999908447266,394.3102111816406,29.57139991186008,209.54311949536608,101.92218692240398,37.278933243877894
2025-06-25,9.550264776221388,32.818808966912826,17.766000747680664,403.01116943359375,28.78857980079367,208.09070720874615,99.65343880581325,33.29244632204147
2025-06-26,9.508937780550728,35.1941965312847,17.775999069213867,399.3528137207031,28.655197333750976,204.84015902402143,99.01791800559839,32.72923563684856
2025-06-27,9.467838754340782,34.42461791940164,17.993999481201172,415.2715759277344,29.618001374368635,206.49639340384618,97.62907299447194,32.67131505056005
2025-06-30,10.113022137997485,36.64052160154085,18.18400001525879,411.41546630859375,30.262325720206377,207.07820902464914,96.93494038901976,33.732814607803185
2025-07-01,9.612145882878842,34.02003864360052,17.95800018310547,410.7233581542969,30.78771273069476,203.69605478268917,95.49365616904477,30.64348643959548
2025-07-02,11.079544761473155,37.905935089290296,18.124000549316406,409.6357116699219,30.41792454240062,202.87933642485805,96.27684292881375,29.824981894748408
2025-07-03,11.398068223271938,37.61786235310412,18.65999984741211,413.1951904296875,30.202762102699094,203.4788257886364,97.09968003072707,30.406149131967297
2025-07-04,11.425909372116035,37.70974849419873,18.47599983215332,404.1976318359375,30.276535971984,203.97584722809725,97.33685764639795,30.48041979846765
2025-07-07,11.671550246158919,38.367569456805036,18.530000686645508,410.5256042480469,30.447890535502527,205.8691685057036,96.56404224990253,31.15242930463407
2025-07-08,11.400295084305013,38.3162391235147,18.57200050354004,414.3817138671875,31.942980432737496,204.96673648662787,98.08684530582138,29.889564201150556
2025-07-09,11.522814553608494,38.85858164267633,18.493999481201172,413.2940673828125,33.65156636634304,206.6003902888774,104.39618764246545,30.244188497347153
2025-07-10,11.107162026571368,39.15210788371454,18.577999114990234,419.9186706542969,33.84999255143221,200.60234179719612,106.53669806717288,30.704527204953898
2025-07-11,10.407810631744312,35.7266474469027,18.31399917602539,416.8535461425781,33.29132040430365,199.88464555996765,103.99265109894307,32.02666075038571
2025-07-14,10.93124833603938,36.303384780351074,18.20400047302246,414.3817138671875,33.76103397862436,204.12415490699118,108.6447900595745,36.05514109110509
2025-07-15,10.903201994604757,35.54683887844355,18.285999298095703,414.8760681152344,33.93535845663369,203.74929453118614,106.54622741764081,36.84116406441592
2025-07-16,14.266770435943936,37.51058078957903,18.33799934387207,423.6758728027344,34.24541927039846,205.67066153735868,111.67883942731355,39.707456085486825
2025-07-17,14.730458576150385,38.53639371779585,19.04199981689453,429.80609130859375,36.207366257075,201.0355289301734,118.23041810806474,40.24664099521575
2025-07-18,14.773386733597626,40.04138684690077,18.961999893188477,431.5858154296875,35.80566211935172,199.02747478081383,119.7539745388131,43.26122901890562
2025-07-21,13.825424224090067,38.200472973256915,19.23200035095215,429.6083068847656,36.30893416820264,199.15317759497003,121.33357016502816,39.06885949857209
2025-07-22,13.194193325443498,35.86289300098164,18.624000549316406,423.1814880371094,37.6415025754096,197.5879642286666,113.26655229462726,38.00064301143007
2025-07-23,13.74885813867007,36.86806604466222,18.95199966430664,427.4330749511719,37.75399080255553,194.8436420222842,116.0304913380204,40.76102018803114
2025-07-24,13.546493463733661,37.28470788963699,18.940000534057617,434.1565246582031,37.54799189913424,191.7317201258807,112.81384157427243,43.340285466118196
2025-07-25,13.133571519398469,36.721261259909234,18.68199920654297,435.9362487792969,36.88288112525171,191.1768315547796,115.53970803177283,43.95153075141369
2025-07-28,13.24337466870175,36.013134006676104,18.75,434.1565246582031,35.307159347728636,192.3138826020648,114.75890308757448,43.37056582025133
2025-07-29,12.477626331649716,34.94942437165048,18.785999298095703,434.7497863769531,35.156380225666666,193.1401963288691,113.4627550288778,42.22732311101951
2025-07-30,12.267394592262763,34.525314524231305,18.916000366210938,431.1903076171875,34.984150383373574,193.75903591827762,117.0726682687222,43.72802236616756
2025-07-31,12.686630012522375,34.88385689989547,18.878000259399414,380.96221923828125,34.18390556673083,194.87538265420534,115.12460691569707,43.930736642330466
2025-08-01,12.360224766376206,33.36910472456852,17.97800064086914,375.0297546386719,33.96435661417888,193.08912349127533,116.17911185391354,38.89269083520193
2025-08-04,13.60182525804528,34.40157076228969,18.275999069213867,374.041015625,33.184656342249056,195.04292640488117,116.84968823858401,37.43954223687118
2025-08-05,14.217727408939279,36.27376667511879,18.496000289916992,382.544189453125,33.166064589638125,195.0254453010001,116.66823634788966,38.958474796737256
2025-08-06,13.809283736366258,35.60705255026892,18.389999389648438,373.0522766113281,32.52392938389997,196.22310790277547,122.97948392252322,39.666067248555564
2025-08-07,13.426884145116189,34.71612815259224,18.290000915527344,378.6881103515625,32.0924829212122,194.192534700822,125.45477685809178,38.30863304896454
2025-08-08,13.22297021648819,35.84075766986786,18.538000106811523,376.21624755859375,31.68717042140731,186.1578399940215,128.51288421824663,33.6997326413944
2025-08-11,13.719148612154873,38.58188594813781,18.761999130249023,376.11737060546875,31.112764891985076,191.16663853924635,126.21101501165028,32.838388576166786
2025-08-12,13.943341149663327,37.01010130858374,18.718000411987305,377.6004943847656,31.837295570342764,200.16439697598935,131.420289748008,32.85291858560749
2025-08-13,14.763991401293685,35.29141996566357,18.836000442504883,379.4790954589844,31.626114512414823,202.22557811925913,133.6038426910843,31.942974206229092
2025-08-14,15.350604809715794,35.02977267182787,18.687999725341797,393.0248718261719,32.195289658415916,199.06268992061158,131.29974809391126,30.675597860950813
2025-08-15,14.290194751161184,34.52820068883758,18.687999725341797,393.0248718261719,32.185124050822516,199.2731164370422,129.667429347493,30.4428370498975
2025-08-18,14.205676729295757,34.3652674177514,18.805999755859375,393.0248718261719,31.990537053380905,198.64884747220447,130.91774187422106,29.88061278200427
2025-08-19,12.992423462257072,31.538336300197628,18.607999801635742,400.8359375,31.3155125319367,195.70909364339107,132.04108167131722,27.98170515417069
2025-08-20,12.677659663788107,31.59966825236575,18.23200035095215,398.26519775390625,30.603321162427328,196.40923896683137,133.34733281045538,29.022908198057433
2025-08-21,12.247085643241522,31.90078040162477,18.246000289916992,395.8922119140625,30.49326727369345,195.5671518010992,135.0097372694926,28.74246009749342
2025-08-22,12.761501724282173,34.254556914143116,18.6299991607666,399.5505676269531,30.620717151513563,197.21773174901597,136.9837894379184,30.172944757786986
2025-08-25,12.357380222150145,33.03272024486889,18.559999465942383,398.46295166015625,29.54839868280964,197.98282146931513,135.60665420169514,30.658601288481425
2025-08-26,13.168710629777857,35.073526240111335,18.591999053955078,395.8922119140625,30.1933586435497,198.6667873283111,137.5054321338786,31.00241549016433
2025-08-27,13.222318336442422,35.585990192799024,18.871999740600586,400.539306640625,29.829688014333694,199.34856653822683,136.6907655036755,30.207712821361582
2025-08-28,14.23426091731961,37.173913733184826,18.97800064086914,403.8021545410156,29.5073302035992,201.66633401599896,137.32885900957433,31.318807849054718
2025-08-29,13.893691558384901,36.587579622546855,18.850000381469727,402.1213073730469,29.730617071612865,199.6907936288288,138.43185573357343,29.662134767490784
2025-09-01,13.881518742844978,36.5555237894426,18.913999557495117,406.76837158203125,29.704568896008848,199.5158365855081,138.31057008118847,29.63614659195603
2025-09-02,13.24694088941618,36.69368519803582,18.465999603271484,414.4805908203125,29.20813917757595,205.66045571742833,139.75009737464921,31.78583030966563
2025-09-03,12.925375109901582,35.20961671368709,18.573999404907227,419.62200927734375,30.895428606436674,205.27627090896164,143.12446073693633,34.73694412235788
2025-09-04,12.96691128849144,36.11353481518619,18.667999267578125,421.5995178222656,30.00742402003457,206.38142500332003,143.85382190632862,30.8993254915175
2025-09-05,12.953686280798092,35.85854721692263,18.444000244140625,413.6895751953125,30.951590259801883,205.61187777955945,143.0481544870557,29.621904646588934
2025-09-08,12.934159926022708,35.01187394142596,18.70800018310547,404.2965087890625,29.556476178127646,212.3934238698892,141.60130872878705,28.98447197446538
2025-09-09,14.019720507133483,37.38592135235596,18.81800079345703,403.3077697753906,29.10154105268617,210.6016929366705,140.54557699555752,30.027692415838597
2025-09-10,13.834355949458173,37.47837185740867,18.658000946044922,401.9235534667969,28.60011706250131,208.5321816958335,141.82137109811185,29.317897218471916
2025-09-11,14.260770682877903,40.20187107724298,18.90399932861328,404.2965087890625,28.906044510276644,210.65609322404472,142.74441217684284,30.059550684371146
2025-09-12,16.267925256658494,47.38917371508215,19.329999923706055,402.71453857421875,28.21534891942356,209.85537728239646,141.247175994685,30.967857599996748
2025-09-15,16.38171073104986,50.407234641341056,19.6200008392334,402.1213073730469,28.89184817890688,210.84738007749195,141.15049242169326,33.334779047126055
2025-09-16,17.00139985881835,52.92535633368727,19.445999145507812,401.5280456542969,29.191403687301495,210.58783571936266,141.31564029607208,31.67360651016433
2025-09-17,18.52349725996763,55.124043589475036,19.95199966430664,391.2451477050781,29.036151878518552,211.0280427925646,139.33477860379804,30.434469429456907
2025-09-18,20.919403095803965,56.49253365755927,21.174999237060547,404.3954162597656,29.7302431875963,211.1726714791182,143.60316487199333,32.233129791644785
2025-09-19,24.187812428597137,59.71472420549466,21.350000381469727,402.91229248046875,28.843879624630727,212.74589053144962,141.21712657692908,39.66563745442854
2025-09-22,24.171525588715767,61.293604456294894,21.540000915527344,401.4291687011719,29.0365037699829,214.39980629044163,145.4977584050163,38.340451861671546
2025-09-23,26.658574646061645,63.67213416807213,21.875,409.6357116699219,27.90422430951817,212.92965033258366,144.60539520119474,35.28490350588678
2025-09-24,26.780728530358928,62.51658229314361,22.059999465942383,402.81341552734375,27.83029076072589,206.62804817262003,143.0111302016045,33.577480159811245
2025-09-25,27.331543672118475,59.11617369782658,21.920000076293945,399.6494445800781,27.944588710843043,208.69890980074996,141.98779717389434,32.09966561593091
2025-09-26,26.734667343729686,57.68788866728976,21.940000534057617,401.3302917480469,28.612437843897723,219.60496480171784,145.52301891606135,32.582339612520435
2025-09-29,25.3240644882247,54.88446742152176,21.7450008392334,406.2740173339844,28.057183490714728,222.03182707133763,147.87033608455508,32.592455630338755
2025-09-30,25.39329551080332,52.42321671431742,21.334999084472656,406.96612548828125,27.797091529276152,220.22864231533063,150.9959118175219,30.68676100350288
2025-10-01,25.434887082894182,53.75835877499709,21.635000228881836,409.339111328125,27.829259552102116,217.6237830054291,152.5922803071365,31.195015736315742
2025-10-02,30.16859038922339,59.31451284038328,22.25,420.5118713378906,27.51818557341169,218.96941678361662,153.50186777892893,33.67121198483183
2025-10-03,34.16597163345395,62.49830938004569,23.21500015258789,422.0938720703125,27.343011980490335,219.76752417535192,154.36093813369018,34.217141748649134
2025-10-06,35.61158016851054,67.4408703711356,23.545000076293945,415.4693298339844,26.843158093796507,219.4069638891733,155.91059264079848,35.807951477953196
2025-10-07,37.496944866089315,67.65846226232912,23.815000534057617,416.35919189453125,26.82256972477989,222.45397794488838,156.40948719783705,33.483379161444816
2025-10-08,37.09263863985296,63.7516352838771,24.09000015258789,413.7884521484375,27.637147103437908,221.43182111554233,158.29796851458434,32.776748539112305
2025-10-09,40.50046819919532,66.62675110957112,24.014999389648438,350.01458740234375,27.699535510733735,220.6763987739197,156.74051290691492,34.91241810613451
2025-10-10,37.97191278741158,61.081871771753576,23.424999237060547,340.324951171875,27.406869638312724,217.84570378606392,153.66002228672704,33.92572822478345
2025-10-13,47.32637884696356,70.75254556599607,24.264999389648438,326.2847900390625,28.313084633557885,221.22991457961865,155.04538855495528,38.80228743899755
2025-10-14,48.51798227203147,67.04507742111619,24.594999313354492,321.3410949707031,28.728662854158205,222.80924248681308,156.41257004425344,39.58728608231724
2025-10-15,48.55944557174463,62.41018143693631,24.84000015258789,330.63525390625,29.06326871709608,225.38684740184448,157.98627080911726,46.05131673217269
2025-10-16,41.18896193259837,56.31819457104122,24.145000457763672,338.4463195800781,27.785590981043836,222.58525708968955,155.21635678676145,40.90560915980058
2025-10-17,39.64237706530762,53.796703333093205,23.40999984741211,336.6665954589844,27.317169157733222,223.3836836864273,155.26169439667703,37.821801309655456
2025-10-20,37.152185134979256,51.41772928557813,23.78499984741211,336.1722106933594,28.230855884414986,224.9976136580242,160.18931046415454,37.924221166534274
2025-10-21,34.351201242581425,51.097411848339874,23.354999542236328,340.6215515136719,28.219512344938376,223.52326543716188,160.29988374345263,32.9513888746702
2025-10-22,31.085164367648837,47.800119862971464,22.25,336.1722106933594,27.680105624105448,220.30294585038175,159.96877314740598,29.930030606985103
2025-10-23,34.10871800769982,51.14369211400005,23.15999984741211,343.7855529785156,27.281804990608848,219.26232315214077,159.58176073050734,32.3556877311204
2025-10-24,33.43075212065599,51.902016463704875,23.15999984741211,349.91571044921875,27.422857332240362,219.58942544487576,160.93928589421444,32.4753413299079
2025-10-27,34.59513483753617,53.9904162719224,23.899999618530273,347.4438781738281,27.61420595627593,218.60101182982467,163.32101225616898,33.27976098482255
2025-10-28,31.814957708039064,49.04841911326126,24.229999542236328,339.533935546875,27.95287756601616,215.90745102564938,162.095790570234,36.14906921263515
2025-10-29,33.8055035694689,52.419547113983114,23.834999084472656,332.2172546386719,27.560793453454767,215.93147175991473,158.2794135301349,37.030792510649505
2025-10-30,36.6445843196508,51.85570431979052,24.09000015258789,337.85308837890625,27.79369312290205,217.85084383501803,161.21203620819725,36.41189254085617
2025-10-31,38.25459179831575,53.90380511777829,24.094999313354492,342.5990295410156,27.9974885886847,221.53443440555213,165.31479078079244,38.773062466257414
2025-11-03,33.934641328512726,50.659078718686864,23.825000762939453,335.8756103515625,27.871167993375263,221.7635758022167,165.89113423476925,35.41798326712286
2025-11-04,30.540461984781267,46.34024670910846,23.395000457763672,346.75177001953125,27.823245446865705,219.13952610168377,164.4653319961308,30.93111664863734
2025-11-05,32.46691228404127,48.24327059631632,22.940000534057617,350.60784912109375,27.8698252132459,221.8093374112031,165.75625549507205,33.00672055552136
2025-11-06,29.88667015408767,49.95318526137771,22.670000076293945,348.037109375,28.155746908629396,219.54002417000504,181.11182728245052,28.234029936173975
2025-11-07,29.240091199782498,51.31952014521612,21.5049991607666,347.938232421875,27.534346024294962,200.87951040551368,175.3193207269765,26.270191277392527
2025-11-10,28.65588229796709,47.96481512709957,22.424999237060547,352.7830810546875,27.365153447951286,202.75681286102522,181.29954902600832,24.627771988557686
2025-11-11,27.169162669977272,47.08744588262343,22.5,360.00091552734375,27.714275723759474,208.26807169419712,180.57975271325674,23.137051350406022
2025-11-12,24.42289775776191,43.76272637189351,22.299999237060547,364.6479797363281,26.904022596861328,207.4134033888708,177.44141901968337,22.403477757037653
2025-11-13,21.738780989468474,39.1643119131991,21.06999969482422,357.43017578125,26.75077710515104,204.92251325580398,173.62557183184973,19.970347475291362
2025-11-14,21.905155971258914,40.56064693783789,21.375,355.9470520019531,26.040314220742214,202.05529331549698,172.67934540044124,19.300265977316755
2025-11-17,21.256363472527465,41.143848029148806,21.135000228881836,349.7179870605469,25.586840589027243,201.0960433956118,173.34827146026677,18.131186459951692
2025-11-18,22.181817359016538,42.379264246656184,20.799999237060547,338.34747314453125,25.38269512381005,206.27968961453595,178.63654280142154,18.58406780379225
2025-11-19,21.98394646791414,41.34294651279321,20.739999771118164,334.6891174316406,24.177161164039592,207.63001199382893,177.91800470118568,18.245121253781267
2025-11-20,19.756198956205566,35.52649931179808,20.655000686645508,333.79925537109375,23.85474513287591,203.94809681826047,172.45949060146006,16.203550347199805
2025-11-21,20.45158687244003,36.160901407705424,19.736000061035156,333.40374755859375,24.422263672336843,204.14307565362478,172.724439968714,16.12545659891888
2025-11-24,23.089063671071557,40.63397030130158,20.670000076293945,332.9093933105469,23.59307779683289,207.74944239189043,179.78533773736092,17.327660791119293
2025-11-25,22.63874455205636,40.85043530774531,20.850000381469727,330.0419921875,24.4703306318942,209.92921455445088,176.66554453359558,16.258576546673762
2025-11-26,22.110124128865763,40.55396432370997,21.100000381469727,329.0532531738281,23.77897617522785,210.66443933378338,178.26450237695218,16.463699205332404
2025-11-27,22.039038363928167,40.42358018120581,21.170000076293945,333.89813232421875,23.7025249214494,209.9871368126437,177.69136816753627,16.41076713471659
2025-11-28,22.04338471970198,42.500542152275166,21.399999618530273,333.9969787597656,23.888235341874513,212.13202597439167,175.1574031815516,17.24159951723732
2025-12-01,20.21296350241959,40.61555597684549,21.155000686645508,331.7228698730469,23.135007498447134,214.92111222598814,169.78026934812576,15.584237385577396
2025-12-02,20.5726189385627,40.43019459779658,21.405000686645508,327.5701599121094,22.993435081828352,212.64404307927157,168.07865249313664,16.290964600544797
2025-12-03,22.394401588239727,41.8390028085352,21.290000915527344,336.2710876464844,23.86500085347894,210.65700490916984,166.00580488702553,17.320400094523432
2025-12-04,25.765327700744756,46.936438014414435,22.204999923706055,334.6891174316406,23.836785173910805,212.14824454349792,161.56900724808867,19.585421099482815
2025-12-05,24.143678594012627,45.25543807685881,22.264999389648438,336.5677185058594,24.16085534830231,212.90412799098323,158.78483268842007,18.371869767929518
2025-12-08,24.2778825561256,46.70013092286693,22.2549991607666,324.80169677734375,22.439430559265126,212.43576504670784,158.64814192759752,18.521979147379167
2025-12-09,24.240980999534077,46.76396188642729,22.364999771118164,321.1433410644531,20.512920624030393,213.659080338537,159.62798203890205,18.313880938605607
2025-12-10,22.46241625434567,44.43464660953632,21.985000610351562,307.00433349609375,20.088898949165802,211.56981490457363,158.26027193912657,17.474589462789414
2025-12-11,22.971917885953076,44.90975837315553,21.6200008392334,310.86041259765625,19.66457783916687,207.1660294910793,156.50474575766978,18.13482503667079
2025-12-12,22.0112872495024,42.88963904339966,21.44499969482422,309.6739501953125,19.01284527052832,205.69139038779318,161.46437850924104,15.62256227286053
2025-12-15,20.046620001165927,39.249798146420474,21.145000457763672,310.4649353027344,18.751640371365898,208.35534192422168,164.32605401083825,14.832623925910443
2025-12-16,20.383490381099016,42.255758288489346,21.040000915527344,310.95928955078125,18.41830450073333,208.02900953523368,163.87612694795243,14.564498571165183
2025-12-17,19.124217408442103,39.02293572722537,21.399999618530273,307.8941955566406,18.230563011385225,204.73211822615116,165.61555448121715,13.38780330543379
2025-12-18,19.43396875000317,39.54923287165297,21.065000534057617,313.82666015625,18.122474753499354,210.05207439419615,168.96993262151534,13.447080189523497
2025-12-19,20.26324062885248,41.34519726211398,21.440000534057617,319.16583251953125,18.694033327091088,210.9901329801889,170.84743237277965,13.7049775919608
2025-12-22,22.958475933468556,46.0023648212827,21.81999969482422,316.2984924316406,19.37975622975034,212.31466397921858,169.07962023165393,14.03302746913112
2025-12-23,21.341242016839928,43.67687724259232,21.850000381469727,316.2984924316406,19.420445096476747,211.823079545633,167.76374537170486,13.573063816141751
2025-12-24,20.77908686123228,42.23639703868519,21.850000381469727,316.2984924316406,19.481982949821898,213.3014415459281,167.13133957109162,13.632301592130165
2025-12-26,18.989654349259784,39.031462592603084,21.850000381469727,316.2984924316406,19.11693215243752,217.2949372261356,166.16372589083053,12.600374660640806
2025-12-29,18.91658435173485,38.43625614374855,21.260000228881836,315.30975341796875,18.619287018860152,217.196697870903,165.7728152435744,12.299601577165907
2025-12-30,19.03527712067248,38.4867665484721,21.545000076293945,315.1120300292969,18.287797066892566,219.07132643148316,161.55777219601114,12.155056913835692
2025-12-31,18.855408625415212,38.19603518976354,21.545000076293945,315.1120300292969,18.50639215623,217.94809618459598,160.94773400925865,12.062354233052371
2026-01-02,20.084308764750677,39.80267436176867,21.575000762939453,312.739013671875,18.30565589591809,214.11915788627905,161.78931736472515,13.880299149660658
2026-01-05,21.367543822751685,41.615874870793526,22.3700008392334,317.7816162109375,17.352051165814387,219.8353697940447,164.06274996595744,16.04488140707008
2026-01-06,21.66462071549475,43.3292414309895,22.479999542236328,314.6176452636719,17.90873710494144,217.1157050207719,167.3246330038198,16.705147155643502
2026-01-07,21.5686658474774,42.589773841752866,22.94499969482422,314.0244140625,19.438321739031103,219.59658682019122,171.07777565637133,16.657751863981947
2026-01-08,21.624101115669127,43.20538288251039,22.729999542236328,317.7816162109375,19.722893605621856,216.1382473330299,171.3399631125374,16.845388934455436
2026-01-09,21.204568085776053,42.41771590393857,22.920000076293945,322.0332336425781,20.2438442076683,215.0565353890442,177.2622972176201,17.59327299243322
2026-01-12,21.963716171590082,43.83279771256979,22.84000015258789,319.5613708496094,20.38934884541386,214.1483761132557,177.9207193754692,16.965313598641327
2026-01-13,20.973724352509066,41.94744870501813,22.915000915527344,307.49871826171875,19.34519679275641,212.12861875242095,161.8071012982464,16.482416061108182
2026-01-14,22.09142227582973,43.7018514384946,22.764999389648438,304.334716796875,19.995658611206107,210.85627996223812,168.8121345912439,17.032383893447573
2026-01-15,21.208408698576047,40.83691966289461,23.135000228881836,302.95050048828125,18.984530962998143,209.80009488574046,168.36213311742648,16.228295705729327
2026-01-16,22.06906925224027,43.759120392362476,23.020000457763672,296.721435546875,19.07139593166886,206.85660043567992,166.2243630383899,17.39166687717478
2026-01-19,22.038836506574597,43.69917412357085,22.674999237060547,289.20697021484375,19.0452697431966,206.5732245071911,165.99664981524762,17.367841774476062
2026-01-20,21.470658929917168,43.525553744523805,22.665000915527344,286.4385070800781,20.121762240185962,206.72490218277693,168.8784596038067,16.32423062844122
2026-01-21,20.182700082648516,41.209544943218916,22.565000534057617,283.1756591796875,17.701430375358036,203.13158170519006,170.11619643614225,16.84023343250952
2026-01-22,21.3827320412782,42.26002601920732,22.684999465942383,285.25201416015625,16.56819135054882,206.54555347596613,174.6085240834939,17.681874698286773
2026-01-23,19.949619501359063,40.1969932098654,22.520000457763672,281.0992736816406,16.172377780315404,209.04988295704004,171.12433732955446,16.81893278644999
2026-01-26,18.349773186383242,36.57305308469032,21.975000381469727,281.49481201171875,15.988588196443462,207.13487270038638,167.15496439089046,15.516351841827095
2026-01-27,18.785020190777274,38.302582719151815,21.844999313354492,278.5285949707031,15.383340909914434,206.72785064556186,164.6025902371813,16.166401193569985
2026-01-28,18.314740739851658,38.110636219415504,22.075000762939453,277.5398254394531,14.85316337088832,202.35249762204214,158.28396045720672,17.041611906761634
2026-01-29,16.572368489803768,36.10021297451621,21.5,279.9128112792969,14.794073179672006,199.76174323209506,162.9435297557715,15.79592982699192
2026-01-30,15.185032411192257,33.41208510177053,21.610000610351562,277.6387023925781,14.625099949370277,184.10911791305915,160.54181654506036,14.608385166865885
2026-02-02,14.94617756970326,32.54232961076237,21.639999389648438,281.7914123535156,14.473571590618135,187.19434114216412,167.0410485507024,13.908131690579754
2026-02-03,15.433884123421732,32.605248265745246,21.489999771118164,279.2206726074219,14.120182321174918,179.82467495005545,168.52683233781048,15.154192698969101
2026-02-04,14.547897987681113,29.90824323046879,21.065000534057617,286.1418762207031,14.090895196041766,169.90318960760774,167.84668673036595,13.710061150531518
2026-02-05,12.688916247101496,25.784555287854502,20.665000915527344,282.1869201660156,14.150578003970129,163.73997882005654,162.42659929381333,12.574525158354623
2026-02-06,15.036674621125744,29.708260724476222,21.155000686645508,277.8364562988281,14.518755225838722,166.0656852692102,161.69308298092923,14.88384698248268
2026-02-09,14.874280671176999,30.00224370815665,21.3799991607666,278.4296875,14.536036979149078,173.37542475266338,158.0698779307039,14.950385703492424
2026-02-10,14.255647494593346,29.561357457617003,21.434999465942383,306.80657958984375,15.045294919488027,177.00693581834446,157.10614986574996,14.06243638494653
2026-02-11,13.818779606514472,28.2683616787855,21.094999313354492,319.16583251953125,15.593437723524609,171.48575247745728,156.40537435628423,13.095458932431926
2026-02-12,12.62202872952933,26.355536733604268,20.625,325.0982971191406,15.207060413277452,160.28882143724334,152.95473493587818,11.779998781413607
2026-02-13,13.55695217054037,28.740064787212745,20.860000610351562,318.6714782714844,14.812381346401262,163.18053928810804,154.88965311992987,12.057177713447912
2026-02-16,13.558077019625317,28.74244941136503,20.889999389648438,312.4424133300781,14.813610361108536,163.1940787236678,154.9025046430737,12.058178123064131
2026-02-17,13.15624596344374,28.000272021137167,20.65999984741211,314.7165222167969,15.282849268500556,163.60495931553686,158.23781810075326,12.042311358773748
2026-02-18,13.651875155777669,28.130624919156546,20.959999084472656,306.6088562011719,15.482812706509138,168.01594036805673,160.2618758658925,11.981249749800192
2026-02-19,14.081115399180621,28.357330197250636,20.8799991607666,307.59759521484375,15.574053095322723,170.81410084440645,158.04779903723204,12.41852587596867
2026-02-20,13.526906154132414,27.104792656330858,20.844999313354492,305.718994140625,15.39620287000463,169.6980967756737,156.32412842446726,11.419699256543343
2026-02-23,13.536420070753556,26.008177725775127,20.625,300.4786376953125,16.688157850071804,165.26768267249037,155.17873859793696,10.64662254566743
2026-02-24,13.973391737293767,26.810598952250253,20.575000762939453,312.9367980957031,16.534050148417233,173.13270462418708,160.25310143850547,11.38729736097616
2026-02-25,14.972101226773379,28.52597313850417,20.985000610351562,315.80413818359375,16.747013044021422,176.05595102220317,162.53605110944946,11.192984011997835
2026-02-26,15.776335604752486,34.59960501561958,21.4950008392334,316.00189208984375,16.31801347919007,180.52224385190286,166.03239420789126,11.28211155009475
2026-02-27,14.7589209279777,32.508598034561814,21.110000610351562,317.7816162109375,16.097560069083233,179.17431234913292,168.01616305259012,10.887034369918494
2026-03-02,15.043221980627381,32.60356787001037,21.1200008392334,304.8291015625,15.681006952072073,181.87927040903372,172.24446388331702,11.097458665334758
2026-03-03,14.49910332707084,31.674044587528925,20.600000381469727,301.3684997558594,15.268514637368998,185.55604901356807,174.60478201782746,10.71189685280388
2026-03-04,15.294202189167171,31.97487253948648,21.100000381469727,309.2784423828125,15.371706722556569,185.8125016425324,179.93938398465218,10.79894664397782
2026-03-05,14.584527446083586,30.956670980580828,20.764999389648438,304.63134765625,15.254883479238707,182.6546685758264,177.27464115146265,10.467858334228081
2026-03-06,14.653604792416491,30.780322485602387,20.764999389648438,298.20452880859375,16.342085191646238,182.20090369744918,173.93078649857648,10.053354893853701
2026-03-09,15.27345609451119,31.12834329101049,20.514999389648438,291.6788330078125,16.609882613102215,186.258061652872,180.64332998048604,10.552569304160562
2026-03-10,14.62482238770239,30.230944882544232,21.030000686645508,297.1169128417969,16.83705249833175,179.97398074116776,182.73710937736493,10.355303813357963
2026-03-11,14.589237416973504,29.514354025722508,20.7450008392334,291.2833557128906,17.457133400080327,181.79704697942478,190.5385398178119,10.662028051806399
2026-03-12,13.921601528759036,28.61421843392252,20.540000915527344,289.30584716796875,16.50320494946478,181.2320505686787,183.2072363243854,10.187805866439303
2026-03-13,14.03442870690902,28.62433210547586,20.5,285.94415283203125,16.273688126961055,181.03284796370934,176.11168626334367,10.241574560112008
2026-03-16,14.114429434278708,29.112105734690427,20.635000228881836,285.35089111328125,16.702950295763486,181.62490672363361,181.72110225716818,10.467765209807451
2026-03-17,14.104911899253128,28.966378213557583,20.65999984741211,289.4047546386719,16.131079904209948,179.7637193875134,183.47691523351494,10.817824015786844
2026-03-18,13.579465908073114,28.060186245502205,20.514999389648438,286.7351379394531,15.780603736418286,176.9750179209359,181.56794774886288,10.425077884661176
2026-03-19,13.44152621539808,27.82509314662139,20.170000076293945,271.21185302734375,15.5872866403746,175.97845170725134,183.60200875607356,10.458397004667521
2026-03-20,12.852452115994312,26.94869037235433,19.90999984741211,270.7174987792969,15.037714224287809,173.29217143523772,176.90259853856466,9.881185865797004
2026-03-23,13.736835700918311,28.641475765991665,20.030000686645508,279.9128112792969,14.9046392401069,173.73463551538336,173.3194199990843,10.120968131133369
2026-03-24,13.440023991553659,28.17235795069407,19.988000869750977,276.15557861328125,14.723718362165648,164.87290145797985,173.7381551974168,9.847402215932199
2026-03-25,13.035237167499067,27.516919319152553,20.2450008392334,273.2882385253906,15.153247947032837,166.2121874439667,176.12206226503227,10.064855585387516
2026-03-26,12.463784553589086,25.80980825254581,19.690000534057617,276.55108642578125,15.127799534896477,168.42110820183686,176.18826526119645,9.505689857159147
2026-03-27,11.547373669886378,23.848968436913356,19.100000381469727,275.1668395996094,14.564254751411562,164.4460502866013,169.46551106384803,8.92927580535399
2026-03-30,11.225193185946258,23.13782150027271,19.0939998626709,286.6362609863281,15.06264293021489,168.01243294481418,167.62955600271115,8.919242911501573
2026-03-31,12.251304748356139,25.157059538466722,19.059999465942383,285.74639892578125,15.785335140265389,172.3385109953369,174.2145957891049,9.458984736639097
2026-04-01,11.663865494287913,24.010283908507326,19.90999984741211,294.4472961425781,16.45900953832308,171.2428226201905,172.46968689016927,8.86453797341044
2026-04-02,12.242706737655249,25.279161992981912,19.81999969482422,292.1732177734375,16.51341835205584,172.44184695107765,172.20027238848414,8.75711574289012
2026-04-03,12.294499055404202,25.38610455220706,19.81999969482422,292.1732177734375,16.58327775722974,173.17135580250155,172.92875926766172,8.794162396938045
2026-04-06,12.337101597726011,25.40400371402812,19.81999969482422,292.1732177734375,16.2293707539446,170.88623774440632,176.89840123828557,8.835797596860164
2026-04-07,11.991807443311043,24.68544707720552,19.711999893188477,283.521728515625,15.587616385981015,171.84502644277921,177.7109647903712,7.936774070799778
2026-04-08,12.433029586244258,24.8061618364409,20.610000610351562,299.1438293457031,15.65894261004886,172.95859443638207,178.05843968459646,8.437004109067418
2026-04-09,12.273401372924715,24.083654752581136,20.454999923706055,296.9685974121094,15.609776925294819,169.86352956573128,176.37331773780286,7.976424302035258
2026-04-10,12.556392015487996,24.62524047047634,20.524999618530273,298.25396728515625,15.532974955382894,168.56186750796877,175.27627897358886,7.877681780487404
2026-04-13,12.95914793666949,25.490035865452377,20.59000015258789,295.7821044921875,15.15183953645899,172.46887089887036,182.81563425774564,8.205461685759987
2026-04-14,14.33443967977505,30.385270503173736,21.209999084472656,301.9123229980469,15.880893416872333,174.2734747810444,197.4192944293885,8.709424979754235
2026-04-15,16.19572639573282,36.65437698814172,22.309999465942383,299.3415832519531,17.390701331230296,181.4921296714448,190.7637822434331,9.924225570621804
2026-04-16,16.470261786404617,37.83502687799735,22.81999969482422,301.6651306152344,17.850545171308116,181.1559303405004,189.0396497401033,9.661988539753311
2026-04-17,16.812745521378446,39.11658074387995,23.219999313354492,317.4850158691406,17.966977968990097,179.95833132673712,196.74562821704586,10.736054021481843
2026-04-20,16.72738762293827,41.15414409134826,23.0,311.95001220703125,21.352118922330344,184.69115177477437,197.40702664527214,10.893243060488249
2026-04-21,15.486585203629774,39.27228188051852,23.15999984741211,309.29998779296875,21.401187298725958,184.6934342491729,192.34762957534116,9.902928794952993
2026-04-22,15.650201481008997,40.3260927930204,23.25,308.1000061035156,22.07887637148837,185.7844208523582,193.17526091940385,11.554583189239485
2026-04-23,14.402824678789734,37.27136615485386,22.975000381469727,305.8500061035156,20.49369799758364,179.30917572529444,195.18132870374518,10.866187848634627
2026-04-24,14.216168328835732,36.53751861133832,22.829999923706055,299.54998779296875,20.455533121677878,180.37672276995278,197.93938527003314,10.236325557340267
2026-04-27,14.445029526742193,37.44944425611153,22.895000457763672,296.1000061035156,20.20253967355259,182.6087552638313,206.5442710706765,10.806009441266319
2026-04-28,13.9805052836703,36.74680998462838,22.78499984741211,291.45001220703125,20.096443519388203,181.6953913712915,198.1666388560025,10.082341326433442
2026-04-29,13.722672018647291,35.93667474021408,23.0,290.25,19.431918509258537,183.77115399640596,191.89552569211136,9.660487798525926
2026-04-30,14.934059401314263,38.614596835266696,23.434999465942383,293.3500061035156,20.128886452610875,182.9400754164755,196.36789307963394,10.663517052976907
2026-05-01,14.920150103373423,39.38919692337276,23.434999465942383,293.3500061035156,20.112362469440757,184.1828576353535,193.91079862499424,10.350321564421735
2026-05-04,15.093853019754278,39.01377095415893,24.024999618530273,291.04998779296875,22.598140552682224,192.02449525053805,194.73627888314425,10.386617314266969
2026-05-05,15.626148320473137,41.05391902516244,24.399999618530273,279.54998779296875,24.38431751674745,190.82374789086074,198.6838648923303,10.152291961050626
2026-05-06,17.14782073573368,44.87112613228619,25.0049991607666,286.1000061035156,24.71880881213329,189.48811221599234,198.49306790135518,11.539997134689147
2026-05-07,15.611924713472348,40.587599177184664,24.934999465942383,288.8500061035156,24.320211591524203,190.25436992533025,179.04340928304637,10.708724649420125
2026-05-08,16.14445608263413,41.97217646205266,24.850000381469727,289.5,23.969488162172688,187.91157306188578,188.72988276590047,10.6976199156929
2026-05-11,17.427347153969613,48.33943236901534,25.829999923706055,281.1000061035156,21.735325884647505,188.18305959978466,187.34185193419862,11.292512941336154
2026-05-12,16.188523921601647,47.428045552310735,25.094999313354492,280.0,23.98991594393618,191.8429296546822,188.45581374450526,10.18680074294623
2026-05-13,15.69178978745069,47.088147391033964,25.469999313354492,283.1499938964844,24.43027923088847,193.4227137098683,188.49746139885852,10.191354717678013
2026-05-14,16.447523360230605,49.05236975275574,25.9950008392334,287.0,24.410958131934493,206.90420878427088,186.90599427053047,10.29357207649264
2026-05-15,15.306017400633884,44.54608395784383,25.114999771118164,279.3999938964844,23.623571915866748,207.88744071009077,182.8233054907654,9.62949942460601
2026-05-18,14.309821360572956,42.45591307526964,24.7450008392334,277.0,23.22978064154839,208.49977244888723,178.99329745477357,9.02328000816187
2026-05-19,13.693520926463883,41.56103592025649,24.565000534057617,286.6000061035156,23.114251891624527,204.32174544335783,178.27316758047368,8.631380071240331
2026-05-20,14.542794112209812,45.20500371786919,25.364999771118164,290.25,24.226504915392802,203.85758548018026,187.6003302946771,8.951400671270525
2026-05-21,18.95858805351618,50.65658768251692,26.440000534057617,298.20001220703125,24.076717478935947,204.79403316700575,191.1170045326922,9.745952462669097
2026-05-22,22.73440913335839,54.76221722910372,28.094999313354492,301.54998779296875,25.272884685769995,195.80676959639445,197.33845848316793,9.809699269469196
2026-05-25,22.69319439747137,54.66293994828917,28.670000076293945,310.0,25.227068000527943,195.45179558996801,196.98070770992254,9.791915470376347
2026-05-26,21.53835557179516,54.66866663777956,28.0,284.04998779296875,25.37513031209035,189.62173482230997,202.21907632762117,10.500646528256455
2026-05-27,21.156951252380864,56.20083659719882,27.760000228881836,283.75,24.491189688831447,187.73141978430573,202.70970950000753,10.372233405967636
2026-05-28,23.265803793199723,60.37230567518817,28.540000915527344,293.6499938964844,24.324513644788237,187.52942767501395,201.9812602524839,10.492420690781032
2026-05-29,21.917408389001086,61.847594333730704,28.450000762939453,295.20001220703125,23.307626748714515,192.36515930410596,199.05881029050417,10.872887862426905
2026-06-01,22.00207351618795,59.47341694325318,29.475000381469727,298.6000061035156,21.8990604296626,194.850983855903,197.25464655615895,11.065421165194932
2026-06-02,23.101746612460712,61.364017666625585,29.684999465942383,304.75,31.180482331376577,191.12227250285358,200.04325083696608,11.989187905477877
2026-06-03,20.732059596765765,58.70713991261545,29.145000457763672,297.29998779296875,30.958270016958103,185.6807906930134,201.68478030418734,10.557476156544645
2026-06-04,20.81069992948737,56.557559694172134,28.725000381469727,301.70001220703125,29.45885587586245,186.6158129627616,203.20580826089284,10.336440427610269
2026-06-05,17.80816794636005,48.89495838173502,27.295000076293945,300.3999938964844,28.090058550129775,184.61765274710115,204.08780178939446,9.041864636238994
2026-06-08,18.888972252219,54.501606997167556,27.55500030517578,305.70001220703125,27.354947426269835,184.46364449535446,206.3337137101388,9.338173740261336
2026-06-09,17.079500188041123,49.17403839223755,26.229999542236328,308.54998779296875,29.0498971280118,183.936412837175,211.02593561186575,8.674199961802369
2026-06-10,16.856869973806802,49.092547163981244,26.21500015258789,303.8999938964844,30.220134060065572,182.44777698847048,215.1992574219056,8.053500841931605
2026-06-11,17.883733857364344,50.27037317471585,26.30500030517578,310.29998779296875,31.45040566692581,183.8479138878931,220.68165023058805,8.296041421212282
2026-06-12,18.12378336685337,49.97430233528069,27.204999923706055,306.8500061035156,30.98665892255996,182.9223647124125,220.7507903211024,8.543576150210955
2026-06-15,19.56376958853922,52.727373972221336,27.850000381469727,319.3500061035156,30.578084260641482,186.35566838618072,218.26099038668005,9.169978332273406
2026-06-16,17.80200005716682,48.35175276955748,27.110000610351562,318.79998779296875,28.790251865067393,198.3491325552477,220.15313221718208,8.530125575755182
2026-06-17,17.437625973726206,47.10613489864705,26.969999313354492,310.70001220703125,28.871781002294455,196.4090721002504,226.65038102977124,8.90615202542649
2026-06-18,18.562053516070495,49.14251321057368,27.065000534057617,313.3500061035156,24.271448761911117,207.93670485730797,238.87346513743876,10.202176863447384
2026-06-19,18.641085952062483,49.3517493560485,27.219999313354492,307.5,24.3747903301836,208.82204571158317,239.89052673718655,10.24561510099159
2026-06-22,18.651696924070656,50.87778305042512,27.469999313354492,306.20001220703125,25.595921986866635,208.9984725962214,228.71449134604654,9.805663114441511
2026-06-23,18.62234043441032,50.62510953729776,27.34000015258789,301.70001220703125,25.640721001617397,212.33667884582323,244.5407278450905,9.503693806323035
2026-06-24,17.162377962700447,47.102068626247295,27.065000534057617,307.5,25.818260748228656,207.1875977125981,250.37035311253516,8.972241346293657
2026-06-25,16.214239158188978,44.529709989114515,26.510000228881836,312.3500061035156,25.03915415731545,210.24786657886602,260.6256333069035,8.868950827162651
2026-06-26,16.159555399058473,43.400200023418606,26.309999465942383,322.1499938964844,25.25150531682056,209.94218962270446,267.20474952795564,8.889515809866115
2026-06-29,17.07415212711602,47.322803990384216,26.290000915527344,323.95001220703125,25.8132359469624,217.0718352919497,275.8213339810867,9.011358020555003
2026-06-30,16.91466048392189,46.62913060109033,26.795000076293945,324.3500061035156,25.284440388018375,218.85749597792832,276.73680408244843,8.7812651561524
2026-07-01,16.3668550587993,45.035137112017644,26.764999389648438,331.5,26.18871947140324,219.32286998185432,273.37379675061436,8.893124726412573
2026-07-02,15.767287460862473,43.17107693313502,26.290000915527344,333.1499938964844,26.287600418584514,224.10817149224877,280.8492957445444,8.57796681414353
2026-07-03,15.705574547080312,43.002106020714564,26.46500015258789,331.1499938964844,26.184711166251237,223.23101565301462,279.75005604227573,8.544392787682638
2026-07-06,15.702427684744508,42.727041386371745,26.780000686645508,338.5,24.515373557947257,225.92787318273838,280.1432263960271,8.402022959447425
2026-07-07,14.46453454807894,39.64418889277509,25.639999389648438,339.3500061035156,24.192044662363504,225.30590070346514,279.17863309654587,7.830950820368994
2026-07-08,14.83714842913723,39.53065457075573,25.299999237060547,327.6000061035156,24.43920433258403,220.43513166345537,276.1182830229073,7.681644388246628
2026-07-09,14.874745460133873,39.19613714129461,25.704999923706055,327.45001220703125,23.971190329702903,215.4605649112535,282.44505471739564,7.9057651172754175
2026-07-10,14.466381316887977,37.486643153044156,25.514999389648438,331.0,23.6849808508695,212.71001797928815,276.5929887032016,7.906655339423186
2026-07-13,13.468415305755745,34.09192794128499,25.040000915527344,327.95001220703125,22.578886840823962,214.03908410313466,271.16585458348777,7.32169762073949
2026-07-14,14.151025270286345,34.5123385946953,24.764999389648438,324.5,22.548529236831655,208.21594090475767,264.37206278785726,7.554240726996132
2026-07-15,13.348324628444457,32.83250061693324,24.270000457763672,329.1499938964844,20.166912240007637,213.39813673118772,259.3163793296844,7.317507495804072
2026-07-16,12.292661674608578,30.60087903179709,23.895000457763672,334.04998779296875,19.799030342082425,208.86191260607256,258.4510358087498,6.660704327085466
2026-07-17,12.328894525646437,30.389719843057783,23.540000915527344,328.8500061035156,19.450120598187006,206.803879307651,265.09309580066656,6.745504285412515
2026-07-20,12.46974707637447,29.96239725088549,23.5049991607666,326.8999938964844,20.310373208860142,209.1242177568746,257.2618120146285,6.965556996745534
2026-07-21,13.382224239297832,31.099657629604156,24.209999084472656,325.0,20.61633353076035,206.62749489127577,267.5306365282997,7.628218303123659
2026-07-22,13.355186924641405,30.410893010062086,24.239999771118164,326.70001220703125,20.63345810586598,204.82630860629416,266.8056090772854,7.611492453436095
2026-07-23,13.012907418435876,29.855201372796675,23.4950008392334,315.45001220703125,20.619105227305468,201.7657815573955,264.77103003729184,7.720115614266865
2026-07-24,12.437566608976871,28.86570320480667,23.43000030517578,318.1499938964844,19.530934908955988,203.61571072295683,264.15985714362057,7.110948302265473
2026-07-27,13.725351184396027,31.522671265293244,23.75,331.79998779296875,16.910966611276148,214.08563337893182,261.0800439720651,7.49453299348579
2026-07-28,12.771066621399196,29.799155449931458,23.559999465942383,341.3500061035156,16.746633092128178,217.79417043621805,260.5930773903877,7.229901358716109
2026-07-29,11.610200926094889,28.094577720601347,23.030000686645508,339.79998779296875,16.55463596560243,216.4222141748068,252.93903287166785,6.665765886587349
2026-07-30,12.958662338196971,31.19322802682742,23.700000762939453,343.6499938964844,16.612551370083743,215.77131907854658,258.37969472562355,7.499630122922274
2026-07-31,12.97345984134705,31.622265206275525,24.350000381469727,343.6499938964844,16.097503226045383,210.8035371981602,249.5243345305098,7.306791588468126
2026-08-03,13.87732505120139,33.653810340734374,25.010000228881836,346.6499938964844,16.467412288478336,212.3611769282346,252.97965110665533,7.804912504044117
2026-08-04,15.164224661125697,36.25509706090181,25.670000076293945,348.20001220703125,16.624160020503336,208.7535763518792,261.3895166746555,8.246904428159228
2026-08-05,14.550275364059631,34.62410464557847,25.40999984741211,352.5,16.51863666519125,203.6951787359695,262.36452582368884,8.133586352511065
2026-08-06,14.302582637606085,34.3677299592543,25.329999923706055,355.70001220703125,16.682020061658516,201.14466213602026,259.6961393855046,8.193917469510865
2026-08-07,15.566538913959938,38.551912380648176,25.469999313354492,355.6499938964844,18.0047755211305,213.88805619077922,254.3662570663604,8.520813981825546
2026-08-10,15.272898321124348,36.802060112896065,25.834999084472656,352.8500061035156,17.877511830237918,219.41920809356003,255.875145473192,7.943638202781738
2026-08-11,15.667205460511807,37.6220772774089,25.579999923706055,355.6000061035156,18.906306861403337,216.95052154528386,250.07769699082124,8.565432066135362
2026-08-12,15.956693769204515,39.15540540470765,25.975000381469727,351.6000061035156,17.888475509353707,210.5036139987267,254.05099820882637,8.307529589992146
2026-08-13,16.149126740380446,39.011153633209766,26.2450008392334,355.25,17.58017141064061,209.8085463387198,250.49359254639248,8.542905337468254
2026-08-14,16.3150574822163,40.10279192249971,26.459999084472656,356.79998779296875,17.658753453449048,214.08094903167014,255.3887413272364,8.140191171282185
2026-08-17,16.224721710797102,39.88074448881268,26.459999084472656,356.79998779296875,17.560977695241785,212.89559202646132,253.97466485311293,8.095119282950865
